,tag,patterns,responses
0,greeting,"Hi there, How are you, Is anyone there?, Hey, Hola, Hello, Good day","['Hello, thanks for asking', 'Good to see you!', 'Hi there, how can I help?']"
1,goodbye,"Bye, See you later, Goodbye, Nice chatting to you, bye, Till next time","['See you!', 'Have a nice day', 'Bye! Come back again soon.']"
2,thanks,"Thanks, Thank you, That's helpful, Awesome, thanks, Thanks for helping me","['Happy to help!', 'Any time!', 'My pleasure']"
3,noanswer,,"[""Sorry, can't understand you"", 'Please give me more info', 'Not sure I understand']"
4,options,"How you could help me?, What you can do?, What help you provide?, How you can be helpful?, What support is offered","[""Hi! I'm BUbot. I can answer your queries about Bicol University :)""]"
5,vision,What is the Vision of Bicol University?,['A World-Class University Producing Leaders and Change Agents for Social Transformation and Development']
6,mission,What is the Mission of Bicol Univerity?,"['The Bicol University shall give professional and technical training, and provide advanced and specialized instruction in literature, philosophy, the sciences and arts, besides providing for the promotion of scientific and technological researches']"
7,quality_policy,What is the Quality Policy of Bicol University?,"['Bicol University commits to continually strive for excellence in Instruction, Research and Extension by meeting the highest level of clientele satisfaction and adhering to quality standards and applicable statutory and regulatory requirements']"
8,goals_of_the_university,What are the goals of Bicol University,['TOO LONG']
9,university_president,Who is the President of Bicol University?,['Arnulfo M. Mascariñas']
10,dean_of_college_of_science,Who is the dean of college of science?,['Prof. Jocelyn E. Serrano']
11,contact_details_of_dean_of_college_of_science,How can I contact the dean of the college of science?,['Telephone No.: (052) 481-2159 Email: jeserrano@bicol-u.edu.ph']
12,dean_of_college_of_arts_and_letters,Who is the dean of college of arts and letters?,['Dr. Leticia M. Lopez']
13,contact_details_of_dean_of_college_of_arts_and_letters,How can I contact the dean of the college of arts and letters?,['Telephone No.: (052) 481-5280']
14,dean_of_college_of_nursing,Who is the dean of college of nursing?,['Dr. Jean Annette S. Ibo']
15,contact_details_of_dean_of_college_of_nursing,How can I contact the dean of the college of nursing?,['Telephone No.:(052) 480-0610 Email: bicoluniversity.collegeofnursing@yahoo.com']
16,dean_of_institute_of_physical_education_sports_and_recreation,Who is the director of Institute of Physical Education Sports and Recreation?,['Prof. Carina L. Sales']
17,contact_details_of_dean_of_institute_of_physical_education_sports_and_recreation,How can I contact the dean of the Institute of Physical Education Sports and Recreation?,['Telephone No. (052) 483-0758']
18,dean_of_jesse_m_robredo_institute_of_governance_and_development,Who is the director of Jesse M. Robredo Institute Of Governance And Development?,['Dr. Noemi L. Ibo']
19,contact_details_of_dean_of_jesse_m_robredo_institute_of_governance_and_development,How can I contact the dean of the Jesse M. Robredo Institute Of Governance And Development?,['No record in BU site as of the moment']
20,dean_of_college_of_education,Who is the dean of College of Education?,['Dr. Lorna M. Miña']
21,contact_details_of_dean_of_college_of_education,How can I contact the dean of the College of Education?,['Telephone No.: (052) 483-0487 Email: bicolmentors_08@yahoo.com or lornsmm@yahoo.com']
22,dean_of_graduate_school,Who is the dean of Graduate School?,['Dr. Herbert B. Rosana']
23,contact_details_of_dean_of_graduate_school,How can I contact the dean of the Graduate School?,['Telephone No.: (052) 481-1454 Email: bugs-dean@bicol-u.edu.ph']
24,dean_of_open_university,Who is the dean of Open University?,['Dr. Ramesis M. Lorino']
25,contact_details_of_dean_of_open_university,How can I contact the dean of the Open University?,['No record in BU site as of the moment.']
26,dean_of_college_of_medicine,Who is the dean of College of Medicine?,['Dr. Ruben Caragay']
27,contact_details_of_dean_of_college_of_medicine,How can I contact the dean of the College of Medicine?,['Telephone No. (052) 742-0076 Email: rncaragay@bicol-u.edu.ph or bucm-dean@bicol-u.edu.ph']
28,dean_of_college_of_law,Who is the dean of College of Law?,['Atty. Hardy B. Aquende']
29,contact_details_of_dean_of_college_of_law,How can I contact the dean of the College of Law?,['No record in BU site as of the moment']
30,dean_of_college_of_business_economics_and_management,Who is the dean of College Of Business Economics and Management?,['Dr. Eddie S. See ']
31,contact_details_of_dean_of_college_of_business_economics_and_management,How can I contact the dean of the College Of Business Economics and Management?,['Email: bucbem@bicol-u.edu.ph or ess4560@bicol-u.edu.ph']
32,dean_of_college_of_social_science_and_philosophy,Who is the dean of College of Social Science and Philosophy?,['Atty. Alex B. Nepomuceno']
33,contact_details_of_dean_of_college_of_social_science_and_philosophy,How can I contact the dean of the College of Social Science and Philosophy?,['Email: abnepomuceno@bicol-u.edu.ph or bucssp-dean@bicol-u.edu.ph']
34,dean_of_institute_of_architecture,Who is the director of Institute of Architecture?,['Ar. Leo A. Del Rosario']
35,contact_details_of_dean_of_institute_of_architecture,How can I contact the director of the Institute of Architecture?,['Telephone No.: (052) 742-6728   Email: ronacionaljr@bicol-u.edu.ph or buia@bicol-u.edu.ph']
36,dean_of_college_of_engineering,Who is the dean of College of Engineering?,['Engr. Amelia A. Gonzales']
37,contact_details_of_dean_of_college_of_engineering,How can I contact the dean of the College of Engineering?,['Telephone No.: (052) 742-4091    Email: bucengdean@gmail.com or abbg0116@yahoo.com']
38,dean_of_college_of_industrial_technology,Who is the dean of College of Industrial Technology?,['Dr. Jonathan Arroco']
39,contact_details_of_dean_of_college_of_industrial_technology,How can I contact the dean of the College of Industrial Technology?,['Telephone No.: (052) 480-4595   Email: jcarroco@bicol-u.edu.ph or bucit-dean@bicol-u.edu.ph']
40,dean_of_college_of_agriculture_and_forestry,Who is the dean of the College of Agriculture and Forestry?,['Prof. Domingo Ll. Nace']
41,contact_details_of_dean_of_college_of_agriculture_and_forestry,How can I contact the dean of the College of Agriculture and Forestry?,['Telephone No.: (052) 484-6336   Email: bucaf100@bicol-u.edu.ph']
42,dean_of_tabaco_campus,Who is the dean of the Bicol University Tabaco Campus?,['Dr. Maria Giselle N. Mortega']
43,contact_details_of_dean_of_tabaco_campus,How can I contact the dean of the Bicol University Tabaco Campus?,['Telephone No. (052) 487-5247 or (052) 257-7090 or (052) 830-0012  Email: butc-dean@bicol-u.edu.ph']
44,dean_of_polangui_campus,Who is the dean of the Bicol University Polangui Campus?,['Prof. Mary Joy B. Catangui ']
45,contact_details_of_dean_of_Polangui_campus,How can I contact the dean of the Bicol University Polangui Campus?,['Telephone No.: (052) 437-2852 or (052)212-5498 or (052) 835-0560  Email: bupc-dean@bicol-u.edu.ph']
46,dean_of_gubat_campus,Who is the director of the Bicol University Gubat Campus?,['Dr. Rosemarie R. Jadie']
47,contact_details_of_dean_of_gubat_campus,How can I contact the director of the Bicol University Gubat Campus?,['Telephone No.: (056)311-1145 Email: rrjadie@bicol-u.edu.ph or bugc-dean@bicol-u.edu.ph']
48,registrar_of_graduate_school,Who is the registrar of Graduate School?,['Ms. Veronica O. Gomez']
49,contact_details_of_registrar_of_graduate_school,How can I contact the registrar of Graduate School?,['Telephone No.: (052) 481-7881    Email: vogomez@bicol-u.edu.ph or bugsreg@bicol-u.edu.ph']
50,registrar_of_the_college_of_agriculture_and_forestry,Who is the registrar of College of Agriculture and Forestry?,['Ms. Ada O. Camba']
51,contact_details_of_registrar_of_the_college_of_agriculture_and_forestry,How can I contact the registrar of College of College of Agriculture and Forestry?,['Email: ancamba@bicol-u.edu.ph or bucafreg@bicol-u.edu.ph']
52,registrar_of_the_college_of_social_science_and_philosophy,Who is the registrar of College of Social Science and Philosophy?,['Ms. Catherine D. Lagata']
53,contact_details_of_registrar_of_the_college_of_social_science_and_philosophy,How can I contact the registrar of College of Social Science and Philosophy?,['Email: cdlagata@bicol-u.edu.ph or bucsspreg@bicol-u.edu.ph']
54,registrar_of_the_college_of_business_economics_and_management,Who is the registrar of College of Business Economics and Management?,['Mr. Salvador M. Abiño']
55,contact_details_of_registrar_of_the_college_of_business_economics_and_management,How can I contact the registrar of College of Business Economics and Management?,['Email: smabino@bicol-u.edu.ph or bucbemreg@bicol-u.edu.ph']
56,registrar_of_the_college_of_education,Who is the registrar of College of Education?,['Ms. Jane B. Siapno']
57,contact_details_of_registrar_of_the_college_of_education,How can I contact the registrar of College of Education?,['Telephone No.: (052) 481-5975    Email: jbsiapno@bicol-u.edu.ph or buce.registrar@bicol-u.edu.ph']
58,registrar_of_the_college_of_engineering,Who is the registrar of College of Engineering?,['Ms. Ruby L. Rivero']
59,contact_details_of_registrar_of_the_college_of_engineering,How can I contact the registrar of College of Engineering?,['Telephone No.: (052) 742-4091    Email: rlrivero@bicol-u.edu.ph or bucengreg@bicol-u.edu.ph']
60,registrar_of_the_college_of_nursing,Who is the registrar of College of collegeof Nursing?,['Ms. Teresita P. Baloloy']
61,contact_details_of_registrar_of_the_college_of_nursing,How can I contact the registrar of College of Nursing?,['Telephone No.: (052) 480-2760    Email: bucnreg@bicol-u.edu.ph']
62,registrar_of_the_college_of_industrial_technology,Who is the registrar of College of Industrial Technology?,['Ms. Ana B. Del Ayre']
63,contact_details_of_registrar_of_the_college_of_industrial_technology,How can I contact the registrar of College of Industrial Technology?,['Telephone No.: (052) 431-1053    Email: abdelayre@bicol-u.edu.ph or bucitreg@bicol-u.edu.ph']
64,registrar_of_the_college_of_arts_and_letters,Who is the registrar of College of Arts and Letters?,['Mr. Antonio R. Lleva']
65,contact_details_of_registrar_of_the_college_of_arts_and_letters,How can I contact the registrar of College of Arts and Letters?,['Telephone No.: (052) 481-6192    Email: arlleva@bicol-u.edu.ph or bucalreg@bicol-u.edu.ph']
66,registrar_of_the_college_of_science,Who is the registrar of College of Science?,['Ms. Sharlene A. Mendizabal']
67,contact_details_of_registrar_of_the_college_of_science,How can I contact the registrar of College of Science?,['Telephone No.: 481-1455    Email: bucsreg@bicol-u.edu.ph']
68,registrar_of_the_college_of_medicine,Who is the registrar of College of Medicine?,['Ms. Sheila Marie Magalona']
69,contact_details_of_registrar_of_the_college_of_medicine,How can I contact the registrar of College of Medicine?,['Telephone No.: (052) 480-0700    Email: smmmagalona@bicol-u.edu.ph or bucmreg@bicol-u.edu.ph']
70,registrar_of_the_college_of_law,Who is the registrar of College of Law?,['No record BU site as of the moment.']
71,contact_details_of_registrar_of_the_college_of_law,How can I contact the registrar of College of Law?,['No record BU site as of the moment.']
72,registrar_of_the_institute_of_physical_education_sports_and_recreation,Who is the registrar of College of Institute of Physical Education Sports and Recreation?,['No record BU site as of the moment.']
73,contact_details_of_registrar_of_the_institute_of_physical_education_sports_and_recreation,How can I contact the registrar of College of Institute of Physical Education Sports and Recreation?,['No record BU site as of the moment.']
74,registrar_of_the_institute_of_architecture,Who is the registrar of Institute of Architecture?,['Ms. Ruby L. Rivero']
75,contact_details_of_registrar_of_the_institute_of_architecture,How can I contact the registrar of Institute of Architecture?,['Telephone No.: (052) 742-4091    Email: rlrivero@bicol-u.edu.ph']
76,registrar_of_the_polangui_campus,Who is the registrar of Polangui Campus?,['Ms. Lily Lolo']
77,contact_details_of_registrar_of_the_polangui_campus,How can I contact the registrar of Polangui Campus?,['Email: lrlolo@bicol-u.edu.ph or bupcreg@bicol-u.edu.ph']
78,registrar_of_the_tabaco_campus,Who is the registrar of Tabaco Campus?,['Ms. Wilhelmina B. Henson']
79,contact_details_of_registrar_of_Tabaco_Campus,How can I contact the registrar of Tabaco Campus?,['Email: wbhenson@bicol-u.edu.ph or butcreg@bicol-u.edu.ph']
80,registrar_of_the_gubat_campus,Who is the registrar of Gubat Campus?,['Ms. Maria Rechel M .Marcaida']
81,contact_details_of_registrar_of_Gubat Campus,How can I contact the registrar of Gubat Campus,['No record in BU site as of the moment']
82,admission_to_undergraduate_programs,Can I enroll to undegraduate programs in BU?,"['Admission to the undergraduate programs leading to an award of a diploma or baccalaureate degree is selective. To qualify for admission, incoming students need to pass the BUCET']"
83,reason_for_selective_admission,Why do Bicol University follow selective admission for undegraduate programs?,['To promote quality and excellence in tertiary education']
84,bucet,What is BUCET,"['It is a three-hour examination consisting of sub-tests in Language proficiency in English, Mathematics, Science and Reading Comprehension. ']"
85,how_to_quality_for_admission,How can I qualify for freshmen admission?,['Admission is based on the applicant’s Bicol University College Entrance Test (BUCET) Composite Rating consisting of the BUCET score and his/her general weighted average (GWA) in the grade 9 to 11']
86,general_requirements_for_bucet,High school seniors expecting to graduate at the end of the school year; OR Senior high school graduates who have not taken and/are not taking any college subject/s; AND Holders of Philippines Educational Placement Test/ Alternative Learning System (PEPT/ALS) certificates who are eligible for admission to college.,['']
87,bucet_cutoff_rating,What is the cut-off rating for BUCET?,['The BUCET cut-off rating for the Licensure and Non-licensure courses shall be recommended by the Admissions Office.']
88,transfer_students,Can I transfer to Bicol University?,"['Admission of transferees is contingent upon the availability of slots in the College the applicants are seeking transfer to, upon which the Dean of the College shall declare the slot open or available.']"
89,transfer_instructions,How can I transfer to Bicol University?,"[""Transferees' application for transfer must reach the Office of Admissions in due time prior to the registration period together with the letter of intent for transfer.""]"
90,transfer_requirements,What are the requirements for admission of transferees?,"[""Certification from the Dean/Director of availability of place/slot in the College/Unit; Certification of grades duly signed by the Registrar of the original school bearing the school's seal; or Official transcript of records (OTR) from the last school attended; and Certificate of honorable dismissal""]"
91,transfer_fee,Is there a fee need to be settled to process my trasnfer requirements to Bicol University?,['Processing of the transferees’ documents shall commence upon payment of processing fee inclusive of aptitude testing which some colleges require.']
92,interview_for_transfer_applicants,Do I need to undergo interviews as transfer applicant?,['Applicants for transfer may still go through an interview in the college/unit they intend to transfer to or be subjected to other college/program requirements.']
93,eligibility_for_admission of transferees,How can I be eligible for transfer admission to Bicol University?,"['Eligibility for admission of transferees shall be determined by the result of multiple assessment procedures, including Course-program aptitude test, if required by the College/Unit/Department; Grade point average (GPA) of 2.0 or 89%; No failing grade in any of the courses taken; Applicant shall not have finished more than twenty-five percent (25%) of the units required for the course; Interview; and/or Other assessment procedure(s) required by the College/Unit/Department. ']"
94,transfer_credits,Will the university recognize my units earned from my previous college if I transfer?,['Only course units earned from colleges/universities with the same program accreditation level as Bicol University or higher or those who are duly recognized by CHED will be credited.']
95,transfer_credit_limits,What is the limit of transfer credits in Bicol University?,"['Transfer credits, however, shall not exceed twenty-five percent (25%) of the total number of units required for the course.']"
96,admission_of_graduates_of_tvl_courses,Can I be admitted to Bicol University if I am a graduate of Technical-Vocational course?,['Admission of graduates of terminal technical-vocational courses shall be assessed on a case-to- case basis. The documentary requirements and conditions set for transfer students shall apply to them.']
97,shifters,How can I shift from one course program to another?,['Students are allowed to shift subject for availability of place/slot in the college/unit they are seeking transfer to. Students shall vie for the places/slots along with transferees from outside the University']
98,requirements_for_shifting,What are the requirements in shifting to another course?,"['Letter of intent to transfer specifying, among others, the reason for request for transfer; Certification from the Dean/Director of the availability of slot; and Certification of grades duly signed by the College/Unit Registrar.']"
99,processing_fee_for_shifters,Is there a fee for shifting a course program?,['Conditions required of transferees from outside the University shall apply to the shifters including the payment of processing fee of Php 100.00.']
100,returning_students,How can I be readmitted to Bicol University after I stopped schooling?,['Old students who stopped schooling due to ill health or any other valid reason can seek re- admission by presenting medical or other documents to support his/her reason/s for dropping out of school.']
101,reason_for_declining_the admission_of_returning_student,Can I not be readmitted to Bicol University after I stopped schooling?,"[""The college/ unit reserves the right to refuse enrollment/re-admission of old/ returning student on account of proofs of his/her violation of the school's rules and regulations and/or academic deficiency.""]"
102,requirements_for_students_returning_from_leave_ob_abscence,How to be re-admitted upon returning from leave of absence?,['A student returning from leave of absence shall present supporting papers or documents']
103,requirements_for_returning_old_students,What are the requirements for returning old students?,['An old student may be re-admitted upon presentation of his/her clearance duly signed by school officials concerned.']
104,general_requirements_for_undergraduate_foreign_students,What are the requirements for admission of undergraduate foreign students?,['Original Transcript of Records (OTR); Personal Data; Affidavit of Support; Alien Certificate of Registration (ACR); Results of Test on English as a Foreign Language (TOEFL); Approved study permit from CHED; and an application fee of $50.00']
105,requirements_of_foreign_high_school_graduates_to_bicol_university,What are the requirements for admission of students from other nations who have graduated from high schools abroad?,"['Certification of completion of a secondary curriculum where the applicant had his/her secondary education;Certification of proficiency in English based on the TOEFL score (for non-native speakers of English); Qualifying in the BUCET or any of the following International Foreign-based examination in lieu of the BUCET such as: Scholastic Aptitude Test (SAT) Advanced with a minimum combined score of 1200 in Mathematics, Critical Reading and Writing sub-test areas.']"
106,schedule_of_registration,When can I register for admission?,['Qualified applicants for admission should register within the period of registration.']
107,how_to_register_for_admission,How can I register for admission?,['Registration includes filling out the prescribed forms and paying the required fees. Students enrolled during the preceding semester including summer session are re-enrolled upon being cleared by the Dean and other officials concerned.']
108,late_registration,Can I enrol after the scheduled registration?,['No student shall be registered in any subject after the last day of late registration in the school calendar.']
109,maximum_residency_rule,"How long can I stay in Bicol University?, Maximum Residency Rule",['An undergraduate student must finish the requirements of a course in any college within a period of actual residence equivalent to a maximum of the prescribed length of the program plus one year pursuant to the other provisions of the Universal Access to Quality Tertiary Education Act of 2017.']
110,examinations,What are the types of exams?,"['Two regular written examinations, the mid-term and the final examinations, are prescribed every semester/ term. Other written, oral or practical examinations are also given at the discretion of the subject instructor.\\n Regular examinations are administered by the subject instructors with the assistance of the proctors.\\n \\n Make-up Examination\\n Examination missed for justifiable reasons may be made up within the same term at the discretion of the subject instructor concerned. ']"
111,grading_system,"What is the grading system?, Grading system, Grade conversion","['The detailed grading system is as follows:\\n', {'Adjectival Rating': {'Outstanding': ['1.0\\n', '1.1\\n', '1.2\\n', '1.3\\n', '1.4\\n'], 'Superior': ['1.5\\n', '1.6\\n', '1.7\\n'], 'Very Satifactory': ['1.8\\n', '1.9\\n', '2.0\\n', '2.1\\n', '2.2\\n', '2.3\\n', '2.4\\n', '2.5\\n'], 'Satisfactory': ['2.6\\n', '2.7\\n', '2.8\\n'], 'Fair/Average': ['2.9\\n', '3.0\\n'], 'Poor': ['3.1-4.0\\n']}, 'Equivalent': [['99-100\\n', '98\\n', '97\\n', '96\\n', '95\\n'], ['94\\n', '93\\n', '92\\n'], ['91\\n', '90\\n', '89\\n', '88\\n', '87\\n', '86\\n', '85\\n', '84\\n'], ['82-83\\n', '80-81\\n', '78-79\\n'], ['76-77\\n', '75 (Passing)\\n'], ['Below 75 Conditional (lowest possible mid-term rating)\\n'], ['Failure (lowest possible final rating)\\n \\n']]}, 'The passing grade in the Graduate School is 3.0, but a graduate student has to maintain a general weighted average of 2.0, otherwise, s/he will not be allowed to take the comprehensive examination and will subsequently be disqualified from earning the degree. A student who incurred a FAILING MARK in his/her course work may be allowed to retake the subject not more than two times.']"
112,the_grade_of_incomplete,"What is the grade of incomplete?, Grade of incomplete, INC","['An “INC” grade indicates incomplete course work and may be awarded to a graduate or an undergraduate student only when a small portion of the student’s work is incomplete and only when the student is otherwise earning a passing mark. Until removed, the “INC” is not included in the computation of the students GWA. ']"
113,the_grade_of_incomplete01,"Can INC grade be removed?, How to remove my INC grade?",['You must contact your professor on how to remove your INC grade. Student with incomplete (INC) grade of the previous semester are given one school year for completion of subjects; otherwise it will be converted to a failing grade by the College Registrar upon written instruction from the concerned professor(s).']
114,the_grade_of_incomplete02,I can't contact my professor that gave me an INC grade,"['In the event that the concerned professor(s) cannot be contacted (due to resignation, retirement, death, etc.), the Dean is empowered to make decisions for the concerned professor(s) in consultation with the Department Chair.']"
115,graduation_requirements,"What are the graduation requirements?, Graduation requirements",['A student shall be recommended for graduation only after you have satisfied all academic and other requirements prescribed for graduation. No student shall be allowed to graduate from the University unless you are in residence during the last two terms/semesters of his course.']
116,graduation_with_honors,"What qualifies as suma cum laude?, What qualifies as magna cum laude?, What qualifies as cum laude?, Qualifications for honors","[""The University shall award the following:\\nSumma Cum Laude with GWA ≤ 1.25\\nMagna Cum Laude with 1.25 < GWA ≤ 1.45\\nCum Laude with 1.45 < GWA ≤ 1.75 \\ Given that the student have carried the regular load per semester as prescribed in the curriculum for their course, have registered for formal academic credits and carried the subjects called for by the curriculum for which you is registered in a given semester. In case of a graduating student who meets the required general weighted average (GWA) but fails to meet other requirements for the graduation with honors, the award shall be 'with ACADEMIC DISTINCTION'.""]"
117,graduation_with_honors01,What are the qualifications for Academic Distinction?,"['In the computation of the final average of a graduating student who is a candidate for academic distinction, only grades/ credits earned towards the degree shall be considered, provided you have no grade lower than 3.0 in any of the subjects regardless of whether that subject was taken in the University or elsewhere. If you were a transferee, you must have completed in the Bicol University at least seventy-five (75%) of the total number of units prescribed in your curriculum and must be in residence for at least six (6) semesters/terms immediately preceding graduation. ']"
118,nonacademic_awards_or_incentives,Non-Academic Awards and Incentives for graduating students,"['The University also gives due recognition to a graduating student who excels in your academics, leadership, service and sports activities. Likewise, to winners in the regional, national competitions and to the topnotchers in board examinations.']"
119,ladderized_type_program_recognition,"Academic excellence award, Ladderized Type Program Recognition","['The University, in recognition of academic excellence among students pursuing degree courses with ladderized/ladder-type programs, shall award them the following based on the computation of the general weighted average (GWA) of subjects taken as prescribed in the ladder program you are pursuing. The awards or recognition will be given in the College Recognition Program. With highest honor with GWA ≤ 1.25. With higher honor with 1.25 < GWA ≤ 1.45, With high honor with 1.45 < GWA ≤ 1.75, Candidates for this recognition/ award shall be evaluated by the College Evaluation Committee on Graduation with Honors.']"
120,transcript_diploma,"Trascript, Diploma, Application for transcript of records, TOR, Students records","[""Since records of students are confidential, information is released only at the request of the student, or of the appropriate institutions and/or officials. Application for transcript of records must be accompanied by the student's clearance and official receipt of transcript payment.""]"
121,opening_of_cost_recovery_courses,"What are the procedures for cost recovery?, Approval of cost recovery","['The approval of requests shall adhere to the following procedures:\\n 1. Opening of courses on cost recovery basis shall be considered upon request of the following:\\n a. Graduating students with deficiency(ies) whose needed course(s) are not programmed for the semester, and\\n b. Irregular students who need to take the course to fit the mainstream of students in the appropriate curriculum year.\\n \\n 2. Request for opening of courses not aligned with the semestral course offerings based on the regular curriculum year schedule shall be done by the concerned students not later than two weeks before enrollment.\\n 3. Students’ request shall be addressed to the Dean and endorsed by the Program Adviser and/ or Department Chairperson.\\n 4. Same endorsement shall carry the Program Adviser’s or Department Chairperson’s recommendation of the Professor/ Instructor to teach the course, indicating the full student cost.\\n 5. The Professor/Instructor shall be designated by the Dean considering primarily his/ her academic preparation, teaching load which not exceed 30 units, and his/ her willingness to teach the course on cost recovery basis.\\n 6. In case of students with failures (a rating of 5.0), the faculty to be assigned to teach the requested course should not be the same faculty who gave the failing mark.\\n 7. The professor/instructor shall be compensated fully based on your hourly rate. The computation for payment of honorarium shall be as follows:\\n Hourly rate of faculty x no. of hours/ no. of students = Cost per student.\\n \\n 8. The fees shall be deposited to the College Trust Fund and shall be disbursed solely for the purpose.\\n 9. The payment shall be made out to the professors/instructors concerned following the usual procedure and accompanied by the needed documents.\\n 10. The usual supervision shall be exercised by the Deans/ Directors concerned to ensure that the students are given adequate instructional provision.']"
122,prescribed_uniform,uniform,['Students must wear the required uniform for their academic level. The design approved by the Board of Regents are disseminated upon enrollment.']
123,credit_unit,"Credit load, Credit unit, Units, Units per semester","['One unit of credit shall be at least eighteen (18) full hours of instruction per semester in the form of lecture, discussion, seminar, tutorial, or equivalent field or any combination of these forms. A substantial equivalent shall be observed for other terms such as trimestral or quarterly system.']"
124,academic_load,"Academic load, Academic load per semester, Academic load limit","['The regular academic load for undergraduate students shall be that which is prescribed in the curriculum in a semester for a certain program/course. A graduating student with satisfactory academic record may be permitted to carry an additional load of one or two subjects in your last semester, provided that the total load does not exceed the maximum of thirty-three (33) units per semester, provided further that this will not contradict with any existing policy of the University; provided finally that the student concerned is a candidate for graduation at the end of the semester that the load is allowed.\\n An additional of one (1) or two (2) non major subjects may also be allowed to students who are on Student Teaching /Practicum. During the summer term, the regular load shall be nine (9) units or that which is prescribed in the curriculum, but in justifiable cases the Dean or Director may allow a higher load of not exceeding twelve (12) units. The Dean shall limit the academic load to students who are employed in the University, whether full time or part-time.']"
125,classification_of_students,What are the Classification of Students,"['Undergraduate students are classified as regular, irregular, non-regular, and foreign. Students are also classified, for purposes of registration as First Year, Sophomore, Junior, Senior and Pre-senior.']"
126,classification_of_students01,"Who are considered as regular students?, What are regular students?, Regular Students","['A Regular Undergraduate Student is one who have organized a program of study for a bachelor’s degree, or undergraduate diploma/certificate, is registered for formal academic credits, and carries the subjects called for by the curriculum for which you are registered in a given semester.']"
127,classification_of_students02,"Who are considered as irregular students?, What are irregular students?, Irregular Students","['An Irregular Student is one who is registered for formal academic credits, but does not carry the full semester load called for by the curriculum for which you are registered in a given semester.']"
128,classification_of_students03,"Who are considered as non-regular students?, What are non-regular students?, Non-regular Students","['A Non-Regular student is one who is registered for formal academic credits, but not for a degree or is registered but does not receive formal academic credit/s for subjects taken. Classified as non-regular students are the following:\\n -Non-degree students with credits\\n -Cross registrants with credits\\n -Special students without credits.']"
129,classification_of_students04,"Who are considered as foreign students?, What are foreign students?, Foreign Students","['A Foreign Student is one who is a citizen /subject or resident of another country whose admission to the University is contingent upon the compliance of the requirements of the National Government, after qualifying for admission and submission of all the documentary and other requirements of the University.']"
130,classification_of_students05,"Who are considered as pre-senior students?, What are pre-senior students?, Pre-senior Students, Pre senio Students","['A student in a five-year degree program is classified as a pre-senior if you have completed not less than sixty (60) percent, but not more than eighty (80) percent of the total number of units required for the course. In the case of a five-year degree course/program, one is classified as a senior student if you have finished the prescribed subjects for the first, second, third, and fourth years of his curriculum, or have completed not less than eighty percent (80%) of the total number of units required for the course.']"
131,greeting,"Hi there, How are you, Is anyone there?, Hey, Hola, Hello, Good day","['Hello, thanks for asking', 'Good to see you!', 'Hi there, how can I help?']"
132,goodbye,"Bye, See you later, Goodbye, Nice chatting to you, bye, Till next time","['See you!', 'Have a nice day', 'Bye! Come back again soon.']"
133,thanks,"Thanks, Thank you, That's helpful, Awesome, thanks, Thanks for helping me","['Happy to help!', 'Any time!', 'My pleasure']"
134,noanswer,,"[""Sorry, can't understand you"", 'Please give me more info', 'Not sure I understand']"
135,options,"How you could help me?, What you can do?, What help you provide?, How you can be helpful?, What support is offered","[""Hi! I'm BUbot. I can answer your queries about Bicol University :)""]"
136,library_card_application,"How to apply for a library card?, How to get a Library Card?, What should I do to get a Library Card?, What are the requirements for getting a library card?",['You must secure an application form the unit/college librarian concerned by presenting the Certificate of Registration (COR). The library cards will then be issued in due time after the students have submitted the duly accomplished form together with two copies of recent 1x1 ID photos']
137,use_of_library_card,"How should I use the Library Card?, What is the purpose of my Library Card?, ",['Your library card shall be used as an identification and passport when entering the unit/college libraries and in borrowing book/s for overnight or over-weekend use.']
138,use_of_library_card1,"What is the validity of my Library Card?, ",['The library card issued to will be used throughout your stay in the University and is non-transferrable.']
139,borrowing_procedure,"How can I borrow a book from the Library?, How to borrow a book from the Library?",['To borrow a book you may present to the Librarian-in-charge the book with the signed book card together with the currently validated library card.']
140,borrowing_procedure1,Can I borrow a book or other materials for someone else in the Library?,"[""No, you can't borrow and/or sign for books and other library materials on behalf of someone else.""]"
141,availment_of_library_facilities,"Can I borrow other materials than books?, What other materials can I borrow?","['You can borrow other materials than books but General references like encyclopedias, dictionaries, indexes, yearbooks, handbooks, atlases, newspapers, magazines and journals are FOR ROOM USE ONLY. A Fiction book may be borrowed for a week and may be renewed for another week, unless a borrower signifies to borrow the same.']"
142,availment_of_library_facilities1,"Can I borrow dissertations, theses, manuscripts and feasibility studies?","['Yes, but they are FOR ROOM USE ONLY']"
143,availment_of_library_facilities2,"Can I photocopy dissertations, theses, manuscripts and feasibility studies?, Am I allowed to photocopy dissertations, theses, manuscripts and feasibility studies?","['No, Special collections like dissertations, theses, project feasibility studies and other rare book collections and manuscripts are NOT ALLOWED TO BE PHOTOCOPIED. You are required to comply with the copyright law.']"
144,availment_of_library_facilities3,"When should I return a borrowed book?, How many days am I allowed to keep the book I borrowed?, What time should I return the borrowed books?",['A Reserved book may be borrowed for overnight or week-end use at the last hour before closing time to be returned on or before 9:00 A.M. the following school day']
145,availment_of_library_facilities4,"How many books can I borrow at once?, Can I borrow more than one book?",['You can borrow a maximum of two (2) Non-reserved Circulation books for overnight or weekend use to be returned on or before 9:00 A.M. the following school day.']
146,library_hours,"What are the university library hours?, What time does the university library open?, What time does the university library closes?",['The university library is open on Mondays-Friday from 8:00 AM - 7:00 PM and on Saturdays from 8:00 AM - 5:00 PM']
147,library_hours1,"Is the university library open during Saturdays?, Is the university library open on weekends?","['Yes, the university library is open during Saturdays from 8:00 AM - 5:00 PM']"
148,other_researchers,"Are outsiders allowed to enter the university library?, I am not a Bicol University student, am I allowed to visit the university library?","[""Researchers who are not bona fide students of the University may be allowed to use the library information resources/facilities of the different unit/college libraries upon payment of a library fee; wherein the amount to be paid depends on the classification of the researcher or external user. Just present your Validated School/Office ID, Referral letter issued by your librarian or administrator and any Valid ID (Voter's, Postal, Driver's License) for Walk-in/Non-Academe-based Researchers and Out-of-School Youths""]"
149,medical_and_dental_services,"What medical services does the BU Medical Clinic offers?, What medical services can I get from BU Medical Clinic?",['The Medical & Dental Clinic provides the basic health services to the students and personnel namely: \\n 1. Conduct of Physical Health Examination;\\n2. Giving attention to daily consultations and treatments;\\n3. Issuance of medical certificates;\\n4. Giving attention to emergency cases/during athletics;\\5. Making referrals of special cases to proper authorities;\\n6. Conduct of lectures/counseling on management of illness; and\\n7. Establishment of linkages among other health agencies.']
150,medical_and_dental_services1,"What dental services does the BU Dental Clinic offers?, What dental services can I get from BU Dental Clinic?","['The Medical and Dental Clinic provides services like:\\n1. Conduct of Annual Dental Examination for Elementary, High School & Senior High School Students;\\n2. Giving attention to dental consultations and treatments;\\n3. Performance of oral prophylaxis;\\n4. Performance of dental extraction;\\n5. Making referrals of special cases to proper authorities; 6. Conduct of chair side instruction/ lectures; and\\n6. Issuance of dental certificates.']"
151,medical_and_dental_services2,"How can I avail the medical and dental services from BU Medical and Dental Clinic?, What are the requirements in availing medical and dental services from BU Medical and Dental Clinic?",['You are required to present your university ID to avail of these free health services.']
152,medical_and_dental_services3,"What are the university Medical and Dental Clinic hours?, What time does the university Medical and Dental Clinic open?, What time does the university Medical and Dental Clinic closes?","['The university Medical and Dental Clinic is open from Monday to Friday (8:00-12:00 AM, 1:00-8:00 PM) and Saturday (8:00-12:00 AM).']"
153,minor_offenses,"What are the minor offenses for violating the university rules and regulation?, What are the sanctions or penalties for violating the university rules and regulation?",['First Offense - Reprimand\\nSecond Offense - Written Warning\\nThird Offense - Community Service\\nFourth Offense - Suspension for 7 to 14 days']
154,major_offenses,What are the offenses for bullying?,['First Offense - Reprimand\\nSecond Offense - Suspension of 3 months and 1 day to 6 months\\nThird Offense - Suspension of 6 months and 1 day to 1 year']
155,major_offenses1,What are the offenses for Carrying of firearms and other Dangerous Weapons?,['First Offense - Suspension of 1 week - 6 months\\nSecond Offense - Suspension of 6 months and 1 day to 1 year\\nThird Offense - Dismissal']
156,major_offenses2,What are the offenses for Creating Disorder or Disturbance within the University?,['First Offense - Suspension of 1 week - 6 months\\nSecond Offense - Suspension of 6 months and 1 day to 1 year\\nThird Offense - Dismissal']
157,major_offenses3,"What are the offenses for Destruction of Any Property of the University, Its Guests, Employees or Students?",['First Offense - Suspension of 1 week - 6 months and payment of the value involved and/or replacement of the damaged property\\nSecond Offense - Suspension of 6 months and 1 day to 1 year and payment of the value involved and/or replacement of the damaged property\\nThird Offense - Dismissal']
158,major_offenses4,What are the offenses for Drinking of Alcoholic Beverages or Manifesting Drunken Behavior within the university premises?,['First Offense - Reprimand\\nSecond Offense - Suspension of 3 months and 1 day to 6 months\\nThird Offense - Dismissal']
159,major_offenses5,What are the offenses for Falsification of Official Document?,['First Offense - Dismissal']
160,major_offenses6,What are the offenses for Gambling?,['First Offense - Reprimand\\nSecond Offense - Suspension of 3 months and 1 day to 6 months\\nThird Offense - Dismissal']
161,major_offenses7,What are the offenses for Hazing of any variety inside or outside the premisesof the Bicol University by any fraternity/sorority or individual or a group representing an accredited B.U. Organization?,['First Offense - Dismissal']
162,major_offenses8,What are the offenses for Malversation or Unlawful Disbursement of school funds?,['First Offense - Suspension 1 week - 6 months and payment of the value involved\\nSecond Offense - Suspension 6 months and 1 day to 1 year and payment of the value involved\\nThird Offense -  Dismissal']
163,major_offenses9,What are the offenses for Plagiarism?,"['First Offense\\n1. Written warning; or\\n2. Loss of credit for the work involved;\\n3. Reduction of grades; or\\n4. All of the foregoing penalties - depending on the extent of the act committed, subject to the discretion of the investigating commit- tee.\\n\\nSecond Offense - Suspension 6 months and 1 day to 1 year\\nThird Offense - Dismissal']"
164,major_offenses10,What are the offenses for Possession of prohibited drugs or chemicals?,['First Offense - Suspension of 1 week to 6 months\\nSecond Offense - Suspension of 6 months and 1 day to 1 year\\nThird Offense - Dismissal']
165,major_offenses11,What are the offenses for Photo or Video Voyeurism?,['First Offense - Suspension 6 months and 1 day to 1 year\\nSecond Offense - Dismissal']
166,major_offenses12,What are the offenses for Sexual Harassment?,['First Offense - Suspension of not more than 30 calendar days\\nSecond Offense - Suspension of 1 to 2 semesters\\nThird Offense - Dismissal']
167,major_offenses13,What are the offenses for Stalking?,['First Offense - Reprimand\\nSecond Offense - Suspension of 6 months and 1 day to 1 year\\nThird Offense - Dismissal']
168,major_offenses14,What are the offenses for Theft of property belonging to the University community or a guest of the University?,['First Offense - Suspension of 1 week to 6 months\\nSecond Offense - Suspension 6 months and 1 day to 1 year\\nThird Offense - Dismissal']
169,major_offenses15,What are the offenses for Unauthorized solicitation of contribution/ donation using the name of the University?,['First Offense - Suspension 1 week to 6 months\\nSecond Offense - Suspension 6 months and 1 day to 1 year\\nThird Offense - Dismissal']
